outcome,term,odds_ratio,ci_low,ci_high,p_value,p_adj_bh
has_diabetes,const,0.0003148546270014048,0.0001969117609561305,0.0005034409100951545,1.5029483974217129e-248,1.8035380769060557e-247
has_diabetes,sex,1.3378738421933956,1.3032183878367198,1.373450861598475,8.968395048678124e-105,5.919140732127562e-104
has_diabetes,bmi,1.0589851824874992,1.057093598497066,1.0608801513153754,0.0,0.0
has_diabetes,high_bp,2.0825499105485807,2.0234022197340464,2.14342659488431,0.0,0.0
has_diabetes,high_chol,1.743619138938238,1.6979002319918213,1.79056910670495,0.0,0.0
has_diabetes,chol_checked,3.476600947464695,3.039651759535239,3.9763614729867856,7.013044818022195e-74,3.857174649912207e-73
has_diabetes,smoker,0.9730271234441511,0.9480677329595849,0.9986436095683046,0.039175608555358926,0.05276714621742223
has_diabetes,phys_activity,0.9451967228037016,0.9188915411008036,0.9722549450488963,9.084219035447328e-05,0.0001427520134141723
has_diabetes,eats_fruit,0.9776135169036732,0.9517057953116366,1.0042265090124987,0.09849591228027398,0.12622777107763267
has_diabetes,eats_veg,0.971130169249262,0.941343238480532,1.0018596480794761,0.06531830836214648,0.08622016703803335
has_diabetes,heavy_alcohol,0.45531613817107414,0.4221801744992347,0.4910528684226419,1.4185695751002771e-92,8.511417450601663e-92
has_diabetes,mental_health_days,0.9971239253452864,0.9954651692678772,0.9987854454287193,0.0006973564377279425,0.001058058043449292
has_diabetes,phys_health_days,0.9966661979360453,0.9950985075160087,0.998236358114839,3.213691107747278e-05,5.173258856373667e-05
has_diabetes,difficulty_walking,1.1794460865739445,1.1411317028732948,1.2190469054815594,1.1801764554246717e-22,3.2454852524178472e-22
has_diabetes,has_coverage,1.081964772091355,1.0131448283996087,1.1554594518296903,0.018802144735403026,0.026125085316559993
has_diabetes,skipped_care_cost,1.0150424947627699,0.9703621123897191,1.0617801880546132,0.5156561854881684,0.5800870133176826
has_diabetes,age_band_2,1.1451351035728274,0.8600602546900585,1.524700622175964,0.35348758751323395,0.41661037099774
has_diabetes,age_band_3,1.5748754338839552,1.2185145953837484,2.0354558260092674,0.0005207406466648044,0.0008086795924676963
has_diabetes,age_band_4,2.396363978350038,1.8782676727102643,3.057370576179559,2.041845274023556e-12,4.2113058776735845e-12
has_diabetes,age_band_5,3.0679960955446015,2.4175322250207634,3.8934744880995646,2.941972967465865e-20,7.327177956707438e-20
has_diabetes,age_band_6,3.7463726723841013,2.962059993768351,4.738360542971511,3.051231840202249e-28,9.366572160620858e-28
has_diabetes,age_band_7,4.7087484370646315,3.731653156339178,5.941686141407115,5.752859005311948e-39,1.9983615492136238e-38
has_diabetes,age_band_8,5.153994364758719,4.0875665086995046,6.498648488148048,1.0523648197942688e-43,3.8586710059123195e-43
has_diabetes,age_band_9,6.42756258566478,5.100005914061761,8.100688800914476,5.64076835618327e-56,2.4018755581167473e-55
has_diabetes,age_band_10,7.643056582982002,6.064210441254777,9.632962855849922,1.670856477727107e-66,8.482809809999159e-66
has_diabetes,age_band_11,8.097362507148437,6.41996097932741,10.21303397065856,8.53142913058001e-70,4.504594580946245e-69
has_diabetes,age_band_12,7.474201866715008,5.918295010295323,9.439153243835761,5.289050130502379e-64,2.5857578415789407e-63
has_diabetes,age_band_13,6.296479950581066,4.984322365027537,7.954072161592687,9.999010595335708e-54,4.1245918705759794e-53
has_diabetes,gen_health_2,2.0693945156328875,1.9377959342948712,2.2099301508183617,2.341632465938635e-104,1.471883264304285e-103
has_diabetes,gen_health_3,4.21849625205115,3.956259056033794,4.498115612886598,0.0,0.0
has_diabetes,gen_health_4,6.637028477542311,6.192697218018688,7.1132408804900615,0.0,0.0
has_diabetes,gen_health_5,8.177538075695537,7.530358691490125,8.880337805823359,0.0,0.0
has_diabetes,education_2,0.9633840548646797,0.6579161436637424,1.4106795312836462,0.8479704684050726,0.8813551325155086
has_diabetes,education_3,0.8606285094874236,0.5899521616574237,1.2554940544020703,0.4359665811615818,0.5004138148985113
has_diabetes,education_4,0.8103785136874521,0.5570441600686599,1.1789250880313313,0.27162590226450845,0.3289414596230744
has_diabetes,education_5,0.8480658749325964,0.5828586584218269,1.233945344781477,0.3890773840892764,0.4505106552612674
has_diabetes,education_6,0.7730973294343518,0.531209804591355,1.125128857962825,0.17889306944758498,0.22277250157623793
has_diabetes,income_band_2,0.98686014605406,0.9206663720522775,1.0578130986786392,0.7088620358884032,0.7733040391509853
has_diabetes,income_band_3,0.956211554288782,0.8942052818906312,1.0225174857188999,0.19053841306571484,0.23288028263587368
has_diabetes,income_band_4,0.9345681522722863,0.875086743046026,0.9980926327388062,0.043709535725488094,0.05827938096731746
has_diabetes,income_band_5,0.8575426969807037,0.8036043036774974,0.9151014669528968,3.5408901872119733e-06,5.8424688088997556e-06
has_diabetes,income_band_6,0.7879828636456897,0.7390967295724624,0.8401024771932585,3.0597234656312327e-13,6.410849166084487e-13
has_diabetes,income_band_7,0.771578463268666,0.7231943887781839,0.823199590895381,4.220574732207677e-15,9.13304696149858e-15
has_diabetes,income_band_8,0.6692360983674827,0.6275945666462248,0.7136405876671638,1.6209291424239494e-34,5.349066169999033e-34
has_stroke,const,0.002257424480663341,0.001063675611673168,0.004790901690302151,1.000572066634217e-56,4.402517093190555e-56
has_stroke,sex,1.1980834821838997,1.1474099765790589,1.2509949011960646,2.47906751891416e-16,5.453948541611152e-16
has_stroke,bmi,0.9838809522861612,0.9806420711955303,0.9871305308076159,4.491653571138455e-22,1.185796542780552e-21
has_stroke,high_bp,1.7856634304215755,1.698816566934017,1.8769500773704164,5.502515103063912e-115,4.539574960027727e-114
has_stroke,high_chol,1.3517145214180057,1.2929882154659695,1.4131081208298895,2.367664637809535e-40,8.44680357272591e-40
has_stroke,chol_checked,1.4108787493971313,1.1955331192460121,1.6650135520760927,4.63246405734666e-05,7.36729223578023e-05
has_stroke,smoker,1.225986700231936,1.174043460455697,1.2802280663121237,2.857819378565726e-20,7.25446457635915e-20
has_stroke,phys_activity,1.0215428256563417,0.9759676926561672,1.0692461979042012,0.3600269215174423,0.4205624215955963
has_stroke,eats_fruit,1.030561255610569,0.985667137810244,1.0775001629100622,0.18527376589761413,0.22856202895780436
has_stroke,eats_veg,0.8659040178276515,0.8241921716649956,0.909726874225678,1.0909869154423729e-08,1.946084768086395e-08
has_stroke,heavy_alcohol,0.8364166722589299,0.7511477364091,0.9313651838680116,0.0011297429444746911,0.0016755738052883062
has_stroke,mental_health_days,1.0060810649895375,1.0036641808124651,1.0085037691701897,7.794683895567198e-07,1.3362315249543768e-06
has_stroke,phys_health_days,1.006915119585732,1.0045818569403495,1.009253801515302,5.812954492600728e-09,1.0511095794839673e-08
has_stroke,difficulty_walking,1.7714806712892055,1.6830190536786687,1.8645919438000644,4.200146716120136e-106,3.0801075918214334e-105
has_stroke,has_coverage,1.090587451671397,0.9778422902252715,1.2163321239349412,0.1193484454817963,0.15003804574854393
has_stroke,skipped_care_cost,1.2230690244535949,1.1436880410280763,1.3079596751166391,4.070783715752799e-09,7.463103478880132e-09
has_stroke,age_band_2,0.9995769945137825,0.568802652711196,1.7565919624297481,0.9988264493419783,0.9988264493419783
has_stroke,age_band_3,1.8540566829359668,1.145796249355963,3.0001199475663394,0.011929565300415536,0.016932286232847857
has_stroke,age_band_4,2.226088786499054,1.4023300887278554,3.5337409681284537,0.0006885297701219409,0.0010568131355360023
has_stroke,age_band_5,2.8588717729214825,1.8231382775606109,4.483010375352892,4.729221583535971e-06,7.706879617614175e-06
has_stroke,age_band_6,3.1653631438771237,2.0328500720184874,4.928806098654849,3.3975296590256275e-07,5.979652199885104e-07
has_stroke,age_band_7,3.9220869594239267,2.533348901301589,6.072107205359607,8.886736956456111e-10,1.7000714177568212e-09
has_stroke,age_band_8,4.575252855688649,2.9609192053715114,7.069743293066534,7.434798869971668e-12,1.4869597739943337e-11
has_stroke,age_band_9,5.269506692455083,3.4130988160259297,8.135627556825462,6.385684528582362e-14,1.359532835117535e-13
has_stroke,age_band_10,6.209163672447407,4.022082663331186,9.585509980371576,1.6918648944830237e-16,3.7851892554535446e-16
has_stroke,age_band_11,7.83797109686681,5.075132570535556,12.104864269355762,1.6166671782106264e-20,4.1843150494863274e-20
has_stroke,age_band_12,9.027449731356866,5.8405630768503105,13.953252037494225,4.015592368738617e-23,1.152300418855429e-22
has_stroke,age_band_13,10.38519066372035,6.723709473088088,16.040577831851145,5.0121871043353576e-26,1.5036561313006074e-25
has_stroke,gen_health_2,1.4405014877082105,1.2949834246368581,1.6023715026865737,1.8486496976732575e-11,3.642115822281642e-11
has_stroke,gen_health_3,2.314572475217961,2.0870877371119363,2.566852196855812,6.42402972605224e-57,2.9240411166858472e-56
has_stroke,gen_health_4,3.4049037858446707,3.049572870907977,3.80163723958089,3.007588164187077e-105,2.0894823035404956e-104
has_stroke,gen_health_5,4.570879837519766,4.037515664985034,5.174702520720045,2.4087992070903115e-127,2.2711535381137224e-126
has_stroke,education_2,0.8492765887892113,0.47216074013291454,1.527595716794241,0.5854614097405386,0.649419378871858
has_stroke,education_3,1.0852336168023173,0.6071509497615928,1.939768032151302,0.782518415376896,0.8466592690963138
has_stroke,education_4,0.9855429318748474,0.5532172846316481,1.7557203969416701,0.9605777233553507,0.9753558421762023
has_stroke,education_5,1.0740185009987462,0.602700758868226,1.9139112130100986,0.8085895905217462,0.8538706075909639
has_stroke,education_6,1.0605931301467335,0.5948291194069389,1.8910603919928473,0.8419681631019709,0.8813551325155086
has_stroke,income_band_2,0.9534956532475561,0.8663315483992167,1.0494295889857561,0.3302655142620441,0.3927481791224308
has_stroke,income_band_3,0.8894535161415527,0.8093471077299382,0.9774885828597458,0.014982659658834723,0.021039479520916844
has_stroke,income_band_4,0.7948681682937653,0.7231230860313442,0.8737314810874385,1.9680523022703173e-06,3.3305500499959213e-06
has_stroke,income_band_5,0.7483935269802697,0.680944781209536,0.8225231864338489,1.8052155319668608e-09,3.356175355205995e-09
has_stroke,income_band_6,0.6503322544167387,0.5912822554324595,0.715279440992912,8.05068933779346e-19,1.9321654410704305e-18
has_stroke,income_band_7,0.5943360617358968,0.5384683563037989,0.6560002090084632,5.128174925241037e-25,1.504264644737371e-24
has_stroke,income_band_8,0.4826708844332656,0.43713589935963976,0.5329490966559148,4.624907669057553e-47,1.7442508923302773e-46
has_cardiac,const,0.0007203913040669692,0.0003958295180718569,0.0013110786519996177,5.3756760034243404e-124,4.73059488301342e-123
has_cardiac,sex,2.182517829091983,2.1154769606160526,2.2516832671707405,0.0,0.0
has_cardiac,bmi,1.0021512446358458,0.9998336240714043,1.0044742374591826,0.06889434510529088,0.09004013419701383
has_cardiac,high_bp,1.7794390401497389,1.7192682318102772,1.8417157014964487,1.831681888822053e-236,2.0148500777042582e-235
has_cardiac,high_chol,1.9078475717497287,1.8478105840793329,1.9698352138430353,0.0,0.0
has_cardiac,chol_checked,1.7680023554239988,1.553766016510288,2.011778025500476,5.299674504154829e-18,1.2272930430674341e-17
has_cardiac,smoker,1.4282150033736736,1.3849360062754053,1.4728464612220018,4.2592499887295264e-114,3.3071823441899854e-113
has_cardiac,phys_activity,1.0404708219454801,1.006336833204781,1.07576260313589,0.019746528975643798,0.02715147734151022
has_cardiac,eats_fruit,1.0105131784053123,0.9789314327614451,1.043113796898221,0.5185626331173223,0.5800870133176826
has_cardiac,eats_veg,1.0297019184514564,0.9926133772640405,1.0681762558803076,0.11785562700066457,0.1495859881162281
has_cardiac,heavy_alcohol,0.7132711567429015,0.6606880870340834,0.7700392258096084,5.242665874904947e-18,1.2272930430674341e-17
has_cardiac,mental_health_days,1.0029806549295275,1.0010818634538015,1.004883047917977,0.0020815413479442083,0.003052927310318172
has_cardiac,phys_health_days,1.0018516159004407,1.0000921414226573,1.0036141858434413,0.03914116078679172,0.05276714621742223
has_cardiac,difficulty_walking,1.4170919233440713,1.3648804760640565,1.4713006409161595,5.087526527178605e-74,2.91979783298946e-73
has_cardiac,has_coverage,1.0007574565578947,0.9235134233359171,1.0844622953487242,0.9852600983386651,0.9927811677916321
has_cardiac,skipped_care_cost,1.2983630399218995,1.2324575307695997,1.3677928377642214,8.904672615556193e-23,2.5008867771349305e-22
has_cardiac,age_band_2,1.2783889362798913,0.8113264618372957,2.0143288174058984,0.2897434678023404,0.34769216136280845
has_cardiac,age_band_3,1.8130722454416732,1.2066416254203374,2.7242810938548496,0.004181510946149806,0.005999559183606244
has_cardiac,age_band_4,1.9421827460703178,1.3097131078651632,2.880076404886666,0.0009595799404576208,0.0014393699106864312
has_cardiac,age_band_5,2.697154592437417,1.8401007987645563,3.9533936947315307,3.6619019035244906e-07,6.360145411384641e-07
has_cardiac,age_band_6,3.8270060481767865,2.630479560469148,5.56779665308237,2.282274926314068e-12,4.634773696514722e-12
has_cardiac,age_band_7,5.04944964495575,3.483796584069594,7.31872286503006,1.2211477510838067e-17,2.7791638472941806e-17
has_cardiac,age_band_8,6.278194025415524,4.337360929544117,9.087489111704153,2.1125257595749283e-22,5.690885719671236e-22
has_cardiac,age_band_9,8.577886369627771,5.930600649623211,12.406860437470309,3.5757503798624406e-30,1.1238072622424814e-29
has_cardiac,age_band_10,11.432582822450305,7.905246735127905,16.533822962335535,2.5567338366232577e-38,8.653560677801795e-38
has_cardiac,age_band_11,15.143929830158967,10.46831073875968,21.90789100782381,3.601552315372649e-47,1.3982497224387932e-46
has_cardiac,age_band_12,17.87004263985579,12.345069047179681,25.86769038956645,1.0734009109042919e-52,4.2936036436171676e-52
has_cardiac,age_band_13,23.682884989146658,16.366725667450563,34.26947165886699,3.0428572324291176e-63,1.4344898381451554e-62
has_cardiac,gen_health_2,1.5394981127845557,1.4330633428493513,1.6538378788999257,3.736967386749453e-32,1.2031212074412874e-31
has_cardiac,gen_health_3,2.761843204162512,2.575831585418132,2.961287503251281,2.334882030685528e-179,2.3708032926960746e-178
has_cardiac,gen_health_4,4.778559176722746,4.431856159470601,5.15238468573602,0.0,0.0
has_cardiac,gen_health_5,7.544914677114248,6.905272830577632,8.243807142978897,0.0,0.0
has_cardiac,education_2,0.8543659271204309,0.5446089138852696,1.3403033237500905,0.49328771078097455,0.5613273950266262
has_cardiac,education_3,0.9662763098140864,0.6186211266993669,1.509308147766632,0.88015619948808,0.9006249483133841
has_cardiac,education_4,0.9448103456936234,0.6066455474715423,1.471479668894428,0.8016983819125706,0.8538706075909639
has_cardiac,education_5,1.0369419763858287,0.665678512156203,1.615267193931354,0.8725546028641723,0.8998219342036776
has_cardiac,education_6,0.9454937824237822,0.6067905867655354,1.4732570216147025,0.8043818735724902,0.8538706075909639
has_cardiac,income_band_2,0.9831464015443478,0.9084889312045363,1.0639390461125893,0.6731509141914781,0.7404660056106259
has_cardiac,income_band_3,0.9344149402654852,0.8652426787954145,1.0091172129961483,0.0838669785332136,0.10853373692533524
has_cardiac,income_band_4,0.8903214255585394,0.8253060116178595,0.9604585809991895,0.0026754157114118747,0.003880822790179862
has_cardiac,income_band_5,0.8350358144977247,0.7745820382358881,0.9002078244441942,2.5790390039339507e-06,4.309280361003563e-06
has_cardiac,income_band_6,0.7944852178495255,0.7375325358380709,0.8558358183671949,1.3450445042338335e-09,2.536369636555229e-09
has_cardiac,income_band_7,0.7720893666802738,0.7157332317816775,0.832882928541431,2.2517756244947525e-11,4.3710938593133434e-11
has_cardiac,income_band_8,0.7054182441677158,0.6542652080104637,0.7605706265779377,1.0298993630538721e-19,2.5175317763539093e-19
